№,Блогер,Товар,Формат,Содержание,Триггеры товара для раскрытия,CTA,Надпись на обложке
1,Юлия,Москитная сетка на окно,https://youtube.com/shorts/2oZJLYM6PCQ?si=YR8qieUwSdjdtnmV,"Повторяем формат, но со своими кадрами",Учтены,Учтены,Это должно быть в каждом доме!
2,Юлия,Коврик,https://www.instagram.com/reel/DLWl7-4Mnhv/?utm_source=ig_web_copy_link,"Повторяем формат, но со своими кадрами",Учтены,Учтены,Как спастись от песка в прихожей
3,Юлия,Коврик,https://www.tiktok.com/@maria_pro.wb/video/7520651967970954518,Повторяем свой формат,Учтены,Учтены,Лужи на кухне? Это поможет!
4,Юлия,Коврик,https://youtube.com/shorts/hI1rElkJtbQ?si=xjvOLox0cQ8zK5cD,"Повторяем свой формат, но вместо ""Июнь выдался дождливым"", говорим ""Лето выдалось дождливым""",Учтены,Учтены,Грязь в прихожей после дождя? Поможет ЭТО!
5,Юлия,Расширители для носа,https://youtube.com/shorts/-7CtYAvHG0M?si=sZh_iwYOOgQOA3Z3,"Повторяем формат, но со своими кадрами. Первый триггер важно оставить тем же",Учтены,Учтены,Как не сбить дыхание НА МАРАФОНЕ
6,Юлия,Расширители для носа,https://vk.com/clip-230775072_456239066,"Повторяем формат, но со своими кадрами",Учтены,Учтены,Покупать ли ребенку АЙФОН?
7,Юлия,Сетка на дверь,Старый формат,"А вы знали, почему этом году такое ужасное лето? То дожди, то холода по ночам... Я надела пуховик в июле, открыла балкон — и влетел комар размером с голубя.

Неделю сидели на даче, дожди со всех сторон. В майке холодно, в куртке жарко.
Всё в доме сырое, носки не сушатся, на полу вода.
Решила проветрить, открыла дверь на балкон — моментально залетели комары, мошки, какие-то жуки.
Один укусил в палец на ноге сквозь носок, второй — в лоб.
Поставила фумигатор — вздулся провод, сгорел автомат.
Вызвала электрика, и он посоветовал мне вот такую находку на вайлдберриз, которая должна помочь с комарами.","""Мягкое закрытие
Плотно прилегает по периметру
Не вызывает дискомфорта при контакте
Эффективна даже в сумерках
Выдерживает частое открытие""",Артикулом поделилась в комментариях!,Почему такое холодное лето?
8,Юлия,Сетка на окно,Старый формат,"Недавно у нас в Петербурге было наводнение. Нева поднялась на 2 метра!
Живу на первом этаже, открыла окно, и в дом полилась река, корюшка, вместе с всем этим - комары!
Открыла на микропроветривание — ветром едва не выломало окно, и снова залетели комары!
Закрыла окно — поняла, что опоздала. Дома уомаров уже рой.
Включила электрофумигатор — он плавится.
Решила написать синоптикам, чтобы срочно переписали прогноз погоды. Они предупреждали о наводнении, и, очевидно, накаркали. И вот они-то подсказали мне эту находку с вайлдберриз!","Не занимает место на двери
Можно использовать круглый год
Не греется от солнца
Не влияет на климат в помещении
Создает ощущение свободы",Артикулом делюсь в комментариях!,Ужас! Наводнение в Петербурге!
9,Юлия,"Наклейки - дезодорант для обуви, расширители для носа, таблетки для стиральной машины, ",Подборка товаров,"3 товара с вайлдберриз, которые я беру не в первый раз.

Первое — аромастикеры в обувь.
Формат — тонкая пластина с клеевым слоем.
Нейтрализует запах, не просто перебивает.
Подходит даже для мужской обуви с плотной посадкой.
Держится до двух недель, потом можно заменить.

Второе — расширитель для носа с магнитами.
Это не лекарство и не капли, просто физически помогает дышать.
Подходит для сна — снимает храп.
Для спорта — увеличивает приток воздуха.
Для аллергиков — снижает ощущение заложенности.
Материал мягкий, быстро адаптируется к форме носа.

Третье — очистительные таблетки для стиралки.
Использую раз в месяц — очищает внутренности барабана.
Убирает запах, помогает стирать бельё без постороннего аромата.
Плюс — защищает от накипи и продлевает срок службы машинки.

Артикулы оставила в комментариях.",Учтены,Учтены,Не потеряй эти находки с WB!
10,Юлия,"Сетка на дверь, виброгасители, сетка на окно.",Подборка товаров,"Вот три вещи с вайлдберриз, которые реально нужны летом.

Первое — антимоскитная дверь-сетка.
Формат — две створки с магнитами посередине.
Устанавливается за 5 минут, снимается без следов.
Не мешает движению, при этом защищает от насекомых.

Второе — виброгасители для техники.
Снижают шум от стиралки, особенно если у вас старый пол.
Подходят под стиралку, холодильник, ПММ, даже под ножки кровати.
Плотная резина, амортизация на уровне.
Хорошо держатся даже на плитке.

Третье — сетка на окно.
Крепится на самоклеящуюся ленту, идёт в комплекте.
Можно снимать и мыть.
Формат универсальный, подходит под стандартные и нестандартные рамы.

Артикулы оставила в комментариях.",Учтены,Учтены,Сохрани эти находки для дома!
11,Юлия,Стикеры-дезодорант для обуви,Старый формат,"Вы знали, что в Москве и Петербурге из-за блокировок отменили почти все вылеты?
Хотела улететь в отпуск -  собрала чемодан, надела чистые белые кроссовки — и решила не снимать их до вылета.
А вылета не было. Ни через час, ни через день.
В первый день ноги просто вспотели.
На второй — вонь начала выходить из обуви, как пар из утюга.
На третий день обувь воняла так, что даже носки пришлось выбросить.
В итоге рейс отменили и я поехала домой.
Но не очень расстроилась, потому что сотрудник компании, когда говорил, что отменяет рейс без возврата средств, дал всем в подарок такие штуки с вайлдберриз. ","легко клеятся
под любой размер обуви
нейтрализуют запахи
не вредят коже ног",Делюсь артикулом в комментариях!,Не смогла улететь в отпуск!
,,,,,,,
12,Юлия,Расширители для носса,Старый формат,"Вы знали, что в Анапе этим летом купаться запрещено почти весь сезон?
Я приезжаю к морю — табличка: “Купание запрещено. Мазут”.
Думаю — ладно, просто подышу.
Подхожу ближе — в нос бьёт запах мазута.
Беру кофе понюхать — ничего. Нашатырь - тоже не чувствую!
В аптеке мне сказали: «Так сейчас у нас у каждого второго».
Хотели продать одну штуковину втридорога, но я поняла, что это туристическая наценка и нашла ее на вайлдберриз. Показываю.","Эффективная фиксация, Повышает качество сна, Незаменим в спорте, В коплекте 4 расширителя и 30 пластырей, Не вызывает раздражений",Артикулом поделилась в комментариях!,В Анапе нельзя плавать?!
13,Юлия,Виброгасители для техники,Старый формат,"Почему в каждом такси в этом городе таксист обсуждает только одно — погоду?
“Дожди задрали”, ""Льет как из ведра""— у всех одно и тоже. Но сегодня мне попался уникальный случай.
“У меня стиралка как сумасшедшая прыгает” — говорит таксист. Такого я не ожидала!
""Как включаю стиралку — через пять минут она уезжает в ванную.
Подкладываю коврик — не помогает.
Ставлю чайник — он гремит, как будто внутри дизель.
Микроволновка подпрыгивает вместе с полкой....""
А у меня ведь та же самая проблема! Рассказала ему, а он посоветовал находку с вайлдберриз, которую он уже заказал. И я заказала сразу же!","Устраняют тряску
Техника не шумит
Продлевают срок службы техники
Защищают полы
Подходят также под стулья и кровати",Артикул оставила в комментариях,О чем говорят таксисты
14,Юлия,таблетки для стиральной машины,Старый формат,"Недавно стояла в очереди, и сразу три человека подряд жаловались на одно — бельё после стирки пахнет болотом.
Женщина говорит: “Как в шкафу у бабушки на даче, хотя только постирала”.
Мужик за ней — “Сырость, даже порошок не перебивает”.
И тут я понимаю, что на мне футболка из той же партии.
Прихожу домой, открываю машинку — запах как будто туда засунули мокрое полотенце и забыли на месяц.
Промываю лоток, фильтр — ноль.
Пустила холостую стирку — стало вонять чайным грибом.
Зашла в комменты под постом про летнюю влажность — и там кто-то скинул находку с вайлдберриз, которая помогла мне решить проблему.","Устраняет запах, Без фосфатов, Устраняет накипь, Гипоаллергенный, Можно использовать с септиком",Делюсь артикулом в комментариях!,О чем говорят в очереди в хозтовары
15,Евгения,Москитная сетка на окно,https://youtube.com/shorts/2oZJLYM6PCQ?si=YR8qieUwSdjdtnmV,"Повторяем формат, но со своими кадрами",Учтены,Учтены,Это должно быть в каждом доме!
16,Евгения,Коврик,https://www.instagram.com/reel/DLWl7-4Mnhv/?utm_source=ig_web_copy_link,"Повторяем формат, но со своими кадрами",Учтены,Учтены,Как спастись от песка в прихожей
17,Евгения,Коврик,https://www.tiktok.com/@maria_pro.wb/video/7520651967970954518,Повторяем свой формат,Учтены,Учтены,Лужи на кухне? Это поможет!
18,Евгения,Коврик,https://youtube.com/shorts/hI1rElkJtbQ?si=xjvOLox0cQ8zK5cD,"Повторяем свой формат, но вместо ""Июнь выдался дождливым"", говорим ""Лето выдалось дождливым""",Учтены,Учтены,Грязь в прихожей после дождя? Поможет ЭТО!
19,Евгения,Расширители для носа,https://youtube.com/shorts/-7CtYAvHG0M?si=sZh_iwYOOgQOA3Z3,"Повторяем формат, но со своими кадрами. Первый триггер важно оставить тем же",Учтены,Учтены,Как не сбить дыхание НА МАРАФОНЕ
20,Евгения,Расширители для носа,https://vk.com/clip-230775072_456239066,"Повторяем формат, но со своими кадрами",Учтены,Учтены,Покупать ли ребенку АЙФОН?
21,Евгения,Сетка на дверь,Старый формат,"Вы вообще видели это лето? У меня в июле отопление включилось… А до этого спала в пуховике.
Сидим на даче — дожди льют каждый день. Окна потеют, в доме сыро, полотенца не сохнут.
Открыла дверь проветрить — туда сразу влетел отряд комаров, мошек, и какая-то бабочка.
Один укусил в палец, второй — прямо в глаз, бабочка села на булку. Хлеба.
Попыталась включить фумигатор — выбило пробки.
Вызвала электрика. Он пришёл, оглядел всё это болото и сказал: “Вот, поставьте эту штуку — на Вайлдберриз есть. Я себе такую же взял в прошлом году”","""Мягкое закрытие
Плотно прилегает по периметру
Не вызывает дискомфорта при контакте
Эффективна даже в сумерках
Выдерживает частое открытие""",Артикулом поделилась в комментариях!,Почему такое холодное лето?
22,Евгения,Сетка на окно,Старый формат,"Вас тоже достали эти сонптики, которые сначала накаркают, что будет дождь, а потом он и вправду идёт? Когда Нева у нас в Питере поднялась почти на два метра — я поняла, что это будет не обычный дождик.
Живу на первом — вода пошла прямо под окно.
Решила проветрить — с потоком воздуха влетели комары.
Закрыла окно — уже поздно. В комнате летает рой.
Один попал мне в глаз, второй запутался в шторах.
Включила фумигатор — расплавился.
Нашла старую москитку — вся в дырах.
В комментах под постом о наводнении кто-то скинул ссылку на находку с вайлдберриз. Теперь хоть  мошка не лезет.","Не занимает место на двери
Можно использовать круглый год
Не греется от солнца
Не влияет на климат в помещении
Создает ощущение свободы",Артикулом делюсь в комментариях!,Ужас! Наводнение в Петербурге!
23,Евгения,"Наклейки - дезодорант для обуви, расширители для носа, таблетки для стиральной машины, ",Подборка товаров,"Моя тройка находок, которые решают реальные бытовые проблемы.

Первое — дезодоранты-наклейки для обуви.
Они работают не как освежитель, а как нейтрализатор запаха.
Наклейки вклеиваются прямо в стельку, не ощущаются при ходьбе, и подходят даже для закрытой обуви.
Аромат мягкий, не химозный, сохраняется долго. Подходят для повседневной и спортивной обуви.

Второе — магнитные расширители для носа.
Увеличивают проходимость воздуха через нос, за счёт мягкого механического расширения крыльев.
Подходят для сна, спорта, носки днём.
Носить удобно, материал гипоаллергенный, легко чистятся.
Особенно помогает при храпе или плохом дыхании.

Третье — таблетки для чистки стиральной машины.
Закидываются прямо в барабан, цикл — без белья.
Пенятся, очищают стенки барабана, фильтры, внутренние части.
Устраняют запах, налёт, накипь и остатки порошков.
После первой чистки — запах из машинки уходит полностью.

Артикулы оставила в комментариях.",Учтены,Учтены,Не потеряй эти находки с WB!
24,Евгения,"Сетка на дверь, виброгасители, сетка на окно.",Подборка товаров,"Три находки для лета, которые реально упрощают жизнь.

Первое — москитная сетка на дверь.
Магнитная, крепится без инструментов.
Закрывается сама после прохода — удобно, если заняты руки.
Не пропускает комаров, мошек, мух.
Подходит для дачи, дома, даже балконной двери.

Второе — виброопоры под технику.
Устанавливаются под ножки стиралки, холодильника, мебели.
Снижают вибрацию, устраняют грохот при отжиме.
Плотно фиксируются, не двигаются.
Плюс — защищают пол от вмятин и сколов.

Третье — москитная сетка на окно.
Фиксируется на липучке.
Можно подрезать под нужный размер.
Не мешает открывать и закрывать окна.
Прочная, многоразовая, легко моется.

Артикулы — в комментариях.",Учтены,Учтены,Сохрани эти находки для дома!
25,Евгения,Стикеры-дезодорант для обуви,Старый формат,"Знаете, в Москве и Питере блокировки интернета так сработали, что рейсы отменили почти все.
У меня был чемодан, белые кроссовки, планы на отпуск.
Рейс отменили в аэропорту — я вернулась домой в них и не разувалась.
Через 12 ч ноги вспотели.
День спустя запах стал как будто я сушила носки на батарее.
На третий — кот забился в переноску подальше от запахов.
Надеялась купить билет на поезд домой - но не смогла, так как об этом подумала не только я. Не расстроилась — мне дали такие стикеры с вайлдберриз, советуют приклеить до следующего рейса.","легко клеятся
под любой размер обуви
нейтрализуют запахи
не вредят коже ног",Делюсь артикулом в комментариях!,Не смогла улететь в отпуск!
26,Евгения,Расширители для носса,Старый формат,"Приехала на море - выяснилось, что купаться в Анапе нельзя. Не поняла, из-за чего.
Я к морю — табличка: “Купание запрещено. Опасно”.
Подошла ближе — пахнет гарью и нефтью. Скорее всего, цветут какие-то водоросли, поэтому и купаться нельзя.
Хочу вдохнуть — нос не работает.
Пробовала учуять запах кофе и йод — ноль реакции.
Соседи говорят: “У всех здесь так”.
В аптеке посоветовали расширители. Нашла такие же на вайлдберриз и оформила заказ.»","Эффективная фиксация, Повышает качество сна, Незаменим в спорте, В коплекте 4 расширителя и 30 пластырей, Не вызывает раздражений",Артикулом поделилась в комментариях!,В Анапе нельзя плавать?!
27,Евгения,Виброгасители для техники,Старый формат,"Почему каждый таксист обсуждает только одно — погоду?
Сел в машину, и он с порога: “Льёт третью неделю”
Думаю — совпадение, и у меня льёт... 
Приезжаю домой, запускаю стирку — через 10 минут машинка уехала в коридор.
Подкладываю коврик — не держит.
Блендер на столе начал вибрировать сам по себе.
Микроволновка гремит, будто кто-то внутри застрял.
На следующий день тот же таксист попался — говорит, что дожди его больше не беспокоит, но беспокоит скачущая техника.
Думаю - совпадение, и меня беспокоит!
Оказалось, он уже придумал, как решить эту проблему, и подсказал мне находку на вайлдберриз.","Устраняют тряску
Техника не шумит
Продлевают срок службы техники
Защищают полы
Подходят также под стулья и кровати",Артикул оставила в комментариях,О чем говорят таксисты
28,Евгения,таблетки для стиральной машины,Старый формат,"В очереди в магазине женщина говорит кассиру: “После стирки у меня всё бельё пахнет плесенью”.
Мужик за ней добавляет: “У меня тоже, хоть и стираю каждый день”.
Я вспомнила — у меня из шкафа реально пахнет так, будто туда положили мокрое полотенце и забыли.
Дома открываю стиралку — запах как в старой раздевалке.
Мою резинку, запускаю холостую стирку — стало пахнуть горячей тиной.
В комментах у блогера увидела, что кто-то советует одну находку с вайлдберриз
Нашла, заказала, теперь машинка не воняет как болото.","Устраняет запах, Без фосфатов, Устраняет накипь, Гипоаллергенный, Можно использовать с септиком",Делюсь артикулом в комментариях!,О чем говорят в очереди в хозтовары
29,Валерия,Москитная сетка на окно,https://youtube.com/shorts/2oZJLYM6PCQ?si=YR8qieUwSdjdtnmV,"Повторяем формат, но со своими кадрами",Учтены,Учтены,Это должно быть в каждом доме!
30,Валерия,Коврик,https://www.instagram.com/reel/DLWl7-4Mnhv/?utm_source=ig_web_copy_link,"Повторяем формат, но со своими кадрами",Учтены,Учтены,Как спастись от песка в прихожей
31,Валерия,Коврик,https://www.tiktok.com/@maria_pro.wb/video/7520651967970954518,Повторяем свой формат,Учтены,Учтены,Лужи на кухне? Это поможет!
32,Валерия,Коврик,https://youtube.com/shorts/hI1rElkJtbQ?si=xjvOLox0cQ8zK5cD,"Повторяем свой формат, но вместо ""Июнь выдался дождливым"", говорим ""Лето выдалось дождливым""",Учтены,Учтены,Грязь в прихожей после дождя? Поможет ЭТО!
33,Валерия,Расширители для носа,https://youtube.com/shorts/-7CtYAvHG0M?si=sZh_iwYOOgQOA3Z3,"Повторяем формат, но со своими кадрами. Первый триггер важно оставить тем же",Учтены,Учтены,Как не сбить дыхание НА МАРАФОНЕ
34,Валерия,Расширители для носа,https://vk.com/clip-230775072_456239066,"Повторяем формат, но со своими кадрами",Учтены,Учтены,Покупать ли ребенку АЙФОН?
35,Валерия,Сетка на дверь,Старый формат,"Лето этого года — это какая-то климатическая подстава.
В майке холодно, в кофте — жарко. Всё в сырости, комары размером с голубей.
Живём на даче — я только открыла дверь на веранду, как сразу залетели насекомые, как будто стояли в очереди.
Один меня укусил в ухо, второй — собаку, третий попал в чай.
Ставлю фумигатор — срабатывает пожарка.
Окно не закрывается, в комнате уже туча.
Муж предложил сжечь весь дом и уехать.
Но вместо этого мы просто заказали вот эту штуку с вайлдберриз, и стало можно хотя бы проветривать.»","""Мягкое закрытие
Плотно прилегает по периметру
Не вызывает дискомфорта при контакте
Эффективна даже в сумерках
Выдерживает частое открытие""",Артикулом поделилась в комментариях!,Почему такое холодное лето?
36,Валерия,Сетка на окно,Старый формат,"Вы знали, что во время наводнения в Петербурге в дома не только вода заходит, но и комары?
У нас на первом этаже Нева пришла в гости.
Открываю окно, чтобы хотя бы проветрить — и вместе с водой залетает стая комаров.
Закрыла — поздно. Они уже везде.
Один залетел в миску кота, второй — в чайник, третий сел на щёку.
Фумигатор перегорел, свечи ничего не дали, окна запотели.
Написала в комментариях под постом синоптиков, чтобы прекратили ""каркать"" — мне скинули ссылку на эту штуку с вайлдберриз.
С тех пор я хоть окно могу открыть без нападения.","Не занимает место на двери
Можно использовать круглый год
Не греется от солнца
Не влияет на климат в помещении
Создает ощущение свободы",Артикулом делюсь в комментариях!,Ужас! Наводнение в Петербурге!
37,Валерия,"Наклейки - дезодорант для обуви, расширители для носа, таблетки для стиральной машины, ",Подборка товаров,"3 полезные вещи с вайлдберриз, которые стоят каждой копейки.

Первое — дезодорирующие стикеры в обувь.
Нейтрализуют запах даже после тренировки.
Формат — клейкие подушечки, не скользят.
Есть с лёгким ароматом цитруса и нейтральные.
Идеальны для кроссовок и кед.

Второе — расширитель для носа.
Открывает носовые проходы, используется без лекарств.
Снижает храп, облегчает дыхание во сне.
Для занятий спортом — повышает выносливость.
Небольшой чехол в комплекте, можно носить с собой.

Третье — очищающие капсулы для стиральной машины.
Удаляют запах плесени и накипь.
Работают при температуре от 40 до 90 градусов.
Запускаю цикл без белья — и всё чисто, как снаружи, так и внутри.

Артикулы — в комментариях.",Учтены,Учтены,Не потеряй эти находки с WB!
38,Валерия,"Сетка на дверь, виброгасители, сетка на окно.",Подборка товаров,"Мои 3 находки для дома и дачи с вайлдберриз.

Первое — сетка на дверь.
Фиксируется по периметру, по центру — магнитная лента.
После прохода захлопывается без щелей.
Не даёт насекомым проникать, пропускает воздух.
Для загородного дома — must-have.

Второе — амортизирующие опоры под технику.
Помогают избавиться от звона и шума стиралки.
Подходят и под мебель — стулья, столы, шкафы.
Держат форму, не скользят, не стираются.
Монтаж занимает меньше минуты.

Третье — сетка на окно.
Лёгкая, сетчатая, практически незаметна.
Можно использовать и на пластиковом, и на деревянном окне.
Защищает от насекомых, при этом не мешает воздуху и свету.

Артикулы оставила в комментариях.",Учтены,Учтены,Сохрани эти находки для дома!
39,Валерия,Стикеры-дезодорант для обуви,Старый формат,"Блокировки интернета в Москве и Питере — и вылетов из аэропортов почти нет.
Я упаковала чемодан, надела белые кроссы, поехала в аэропорт.
Рейс отменили, осталась в аэропорте — ждать, пока восстановят вылеты.
Через 12 часов в кроссовках все запотело, оттуда пошёл зловонный пар.
В обуви стало невозможно ходить, запах становился все сильнее.
В итоге я решила пойти до Самары пешком.
На выходе из аэропорта мне подарили одну штуку — очень помоглА! Нашла такую же на вайлдберриз.","легко клеятся
под любой размер обуви
нейтрализуют запахи
не вредят коже ног",Делюсь артикулом в комментариях!,Не смогла улететь в отпуск!
40,Валерия,Расширители для носса,Старый формат,"«В Анапе этим летом купаться не разрешают — таблички везде.
Я пришла к морю, видела табличку “Купание запрещено. Мазут”.
Подошла к воде — запах мазута, жжёного масла.
Вдохнуть не получилось, нос заложен после перелёта.
Понюхала кофе — ноль. Нашатырь — ноль.
В аптеке сказать: у многих так, проблема с запахом.
Там же порекомендовали расширители для носа — нашла их на вайлдберриз, покупаю.»","Эффективная фиксация, Повышает качество сна, Незаменим в спорте, В коплекте 4 расширителя и 30 пластырей, Не вызывает раздражений",Артикулом поделилась в комментариях!,В Анапе нельзя плавать?!
41,Валерия,Виброгасители для техники,Старый формат,"Каждое такси начинается с разговора про дожди.
Сажусь — и сразу: “Погода ужас, гроза, сеть перегружена, у меня стиралка как будто бешеная — скакала вчера по ванной”.
Возвращаюсь домой, запускаю стирку — и правда: через 5 минут машинка уползла под умывальник.
Поставила чайник — он гремит, как будто там гайки.
Микроволновка трясётся от вибрации, кастрюля сползла с плиты.
Думаю — всё, началось, гроза!
Тот же водитель потом сказал, что купил одну штуку на вайлдберриз, и всё успокоилось.
Я нашла такие же и заказала.","Устраняют тряску
Техника не шумит
Продлевают срок службы техники
Защищают полы
Подходят также под стулья и кровати",Артикул оставила в комментариях,О чем говорят таксисты
42,Валерия,таблетки для стиральной машины,Старый формат,"Стою в очереди в аптеке, впереди женщина: “У меня после стирки всё воняет сыростью”.
Мужик ей: “Да, у меня даже после кондиционера воняет, будто не стирал вовсе”.
И я такая стою и понимаю — на мне футболка, и она тоже пахнет болотом.
Пришла домой, открыла машинку — запах как из бочки с тряпками.
Промыла лоток, фильтр — всё равно воняет.
Запустила стирку без белья — из неё как будто грибной чай пошёл.
В комментариях к посту кто-то скинул ссылку на находку с вайлдберриз — теперь ничего не тухнет.","Устраняет запах, Без фосфатов, Устраняет накипь, Гипоаллергенный, Можно использовать с септиком",Делюсь артикулом в комментариях!,О чем говорят в очереди в хозтовары
43,Татьяна,https://vk.com/clip-230774691_456239048,Повторяем формат,"Тот же текст, С новыми кадрамии новыми триггерами","Не мешает пользоваться дверью
Отлично держится даже на пластике
Можно стирать вручную
Совместима с москитными окнами
Безопасна даже при ежедневном использовании",Артикул оставила в комментариях,У вас есть дверь? Вы в опасности!
44,Татьяна,https://disk.yandex.ru/i/Yq7_dTE7a5t8eg,Повторяем формат,"Тот же текст, С новыми кадрамии новыми триггерами","Можно установить без помощи
Легко хранить зимой
Не мешает пользоваться замком
Малозаметна
Прочная, не рвется от ветра",Артикулом поделилась в комментариях!,Корова сбежала к соседям!
45,Татьяна,https://youtube.com/shorts/xCJ2SxkNWRA?si=tioaYDBBBg8-zfrP,Повторяем формат,"Тот же текст, С новыми кадрамии новыми триггерами","Сохраняет прохладу в жару
Быстрая доставка и установка
Никакого клея
Удобна для всей семьи
Экономит электроэнергию (меньше кондиционера)",Артикул в комментариях!,О чем говорят БАБУШКИ НА СКАМЕЙКАХ
46,Татьяна,сетка на дверь,Старый формат,"У меня в июле начала цвести плесень.
Лето - ужасное! На даче мы третий день без солнца, сушилка не работает, всё влажное, всё воняет.
На ночь открыла окно и надела шерстяные носки, чтобы было не так холодно, но проснулась с комаром в ухе.
Решила проветрить — открыла дверь, с улицы прилетел отряд насекомых.
Один комар сел прямо на зеркало и смотрел на меня.
Поставила фумигатор — через полчаса пошёл дым и щёлкнул автомат.
Сидела на полу с фонариком, искала, откуда воняет пластиком.
Электрик пришёл, посмотрел, сказал: “Ну это у всех, ставьте вот такую штуку с вайлдберриз — и сплю спокойно.","Надежна даже в дождливую погоду
Не нуждается в специальном уходе
Сохраняет эстетичность
Не требует перетяжки
Прочная структура",Артикул оставила в комментариях,ОЧень холодное лето!
47,Татьяна,сетка на дверь,Старый формат,"Проснулась утром, куртку надела — в доме +16. Это, на минуточку, середина июля. ЧТо с этим летом?
Вышла на крыльцо — дрова сырые, дымоход не тянет, вся баня в дыму.
В доме влажно, веники плесневеют, пол скользкий.
Решила открыть дверь, проветрить хоть чуть-чуть — и сразу влетело всё, что ползает и летает.
Комары, мошки, один слепень сел на штору и смотрел, как я завтракаю. Очень страшно!
Один укусил в щиколотку, другой в ухо.
Поставила фумигатор — закоптилась вся кухня, дед чихает.
Участковый пришёл по другому делу, увидел — говорит: “Так поставь эту находку с вайлдберриз, чё ты мучаешься. Я себе на вайлдберриз заказывал — вообще забыл про комаров”.
Вот и я заказала!","Подходит для деревянных дверей
Открывается даже детьми
Никаких сложных инструкций
Отличный подарок для дачи
Совмещает практичность и стиль",Артикулом поделилась в комментариях!,ЧТо не так с этим летом?
48,Татьяна,сетка на дверь,Старый формат,"Сижу в деревне третий месяц — жду летнего цветения. Только ничего не цветет из-за того, что нет солнца и постоянно льет дождь.
Клубника утонула, картошку заливает, даже собака не выходит гулять — лапы проваливаются по колено в лужи.
В доме влажно, всё липкое, на полу — отпечатки ног из мертвых комаров..
Решила проветрить — открыла дверь, и снова откуда-то моментально налетело: жуки, мухи, комары!
Один комар укусил сквозь джинсы, другой попал в суп.
Фумигатор не работает, свечка с лимоном — тоже.
Местная продавщица сказала: “Ты себе поставь одну находку не мучайся, у нас вон все так делают. Вайлдберриз привозит за два дня.”","Идеальна для летнего сезона
Быстрое крепление
Работает без шума
Не загромождает пространство
Надежная в течение всего лета",Артикул в комментариях!,Опять затопило все посевы!
49,Татьяна,сетка на дверь,Старый формат,"В этом году грибов столько, что дед говорит: “Как в 87‑м!”.
Пошли в лес втроём, вернулись вчетвером — набрали 60кг грибов, по весу вышло будто еще один человек.
Пока чистили — повылазили комары из корзин. Из ведра — муравьи. Из подберёзовика — что-то белое с глазами.
Решили почистить грибы на крыльце — через пять минут облепили комары, как будто мы сами грибы.
Поставила фумигатор — сдуло ветром.
Начали жечь траву — соседи подумали, что опять пожар.
Увидели, что у нас проблема с комарами и подсказали находку навайлдберриз, которая может нас спасти.
","Надежна даже в дождливую погоду
Не нуждается в специальном уходе
Сохраняет эстетичность
Не требует перетяжки
Прочная структура",Артикул оставила в комментариях,Такого урожая грибов еще не было!
50,Татьяна,сетка на дверь,Старый формат,"На речке жара, вода как парное молоко. Сидели до вечера, ели кукурузу, играли в карты.
Вернулись домой, открыла дверь — и сразу с порога зашёл не только кот, но и все комары с берега.
Сосчитала — за 10 минут укусили 4 раза: нога, плечо, спина, ухо.
Один летал над кроватью, как вертолёт.
Пробовала всё: спираль, фумигатор, тапок — не помогает.
Открыть не могу — не дышать. Закрыть — духота.
Подруга сказала: “Закажи эту штуку с вайлдберриз, ты что?""","Подходит для деревянных дверей
Открывается даже детьми
Никаких сложных инструкций
Отличный подарок для дачи
Совмещает практичность и стиль",Артикулом поделилась в комментариях!,Самая лучшее лето - В ЭТОМ ГОДУ!
51,Татьяна,сетка на дверь,Старый формат,"Делали шашлыки во дворе. Алкоголь в деревнях не пьют НИКОГДА, поэтому пили лимонад.
Гостей много, туда‑сюда бегаю с подносами, дверь хлопает каждые 30 секунд.
На утро просыпаюсь — и понимаю, что вместе с гостями домой зашёл рой комаров.
Один сидит на люстре, второй в ванной, третий пьёт воду из миски кота.
Закрыла всё — духота, сырость.
Включила фумигатор — провод нагрелся.
Стала читать его инструкцию, а там написано, что лучше, чем фумигатор, использовать эту находку с вайлдберриз.","Идеальна для летнего сезона
Быстрое крепление
Работает без шума
Не загромождает пространство
Надежная в течение всего лета",Артикул в комментариях!,Что мне подсказала инструкция от фумигатора
52,Татьяна,сетка на дверь,Старый формат,"Соседи топили баню, забыли заслонку, вспыхнул потолок. Сгорел сарай, затем сгорела хата.
Пожарники приехали через полчаса, баню не спасли, но успели залить водой половину улицы.
С дымом и паром по всей деревне разлетелись осы, комары и вся летучая живность.
У нас дверь была открыта — в дом залетели всё.
Один комар сидел на чайнике, другой — на люстре, третий — на лбу у деда.
Собрались на деревенский совет. Коллективно вбрали находку на вайлдберриз.","Эстетика + функциональность
Не допускает перегрева помещения
Можно сочетать с шторами
Пропускает свет и воздух
Не вызывает перегрузки двери",Артикул оставила в комментариях,Пожарные затопили всю деревню!
53,Татьяна,сетка на дверь,Старый формат,"Накрыли стол во дворе — красота: скатерть, кастрюли, компот, шашлычница с дыма валит.
Дети бегают, тёща режет пирог, муж носит тарелки туда-сюда.
Дверь нараспашку, все бегают с подносами, как в столовке.
А потом как стемнело — за 10 минут в дом влетело больше живности, чем гостей.
Комары облепили шторы, мошки в кастрюле, слепень залетел на кухню и сидел на холодильнике.
На утро сидим с укусами, как после ветрянки.
Свекровь сказала: “Вот тебе находка с вайлдберриз, у всех давно стоит.”","Надежная защита от комаров
Простая установка без инструментов
Свободный проход свежего воздуха
Современный эстетичный дизайн
Безопасность для детей и питомцев",Артикулом поделилась в комментариях!,Как мы накрыли стол на всю деревню
54,Татьяна,сетка на дверь,Старый формат,"У нас в деревне свадьба — гуляли два дня.
Танцы, столы, дети... порвали два баяна и четыре банана. Вщрослые - вдвое больше.
Дверь в дом не закрывали — гости туда-сюда: таскали салаты, пледы, ходили переодеться.
Пока все плясали, в дом набилось столько комаров, будто их тоже пригласили, и прописку выдали.
Жениха укусили в ухо и оно распухло, он уехал в скорую.
Невестка с утра проснулась, выползла из бани и сказала: “А мы вон давно находку с вайлдберриз поставили, у нас не кусают.”
Я нашла и тоже заказала.","Подходит для любых дверей
Не мешает дневному свету
Защищает даже ночью
Удобна в поездках и на пикнике
Не требует ухода",Артикул в комментариях!,Как прошла деревенская свадьба
55,Татьяна,сетка на дверь,Старый формат,"На Ивана Купалу в деревне весь народ собрался: костёр, венки, фонарики!
Скакали через огонь, пекли лепёшки.
Дом открыт — бегали туда за едой, водой, пледом.
К ночи начался трэш — всё светится от фонариков, а на фонарики летят комары.
СОбрались тучами, осмелели и полетели в дом.
Один комар — в ухо, второй — в бок, третий — под рубашку.
У ребёнка рука опухла, а собаку они подхватили стаей и вынесли из дома спать на улицу!
Соседка говорит: “А у нас сетка на двери — всё, ни один не заходит”.
Заказали такую же, уже через час её привезли, прямо посреди ночи. Показываю.","Можно установить без помощи
Легко хранить зимой
Не мешает пользоваться замком
Малозаметна
Прочная, не рвется от ветра",Артикул оставила в комментариях,Как мы отметили Ивана Купала
56,Татьяна,сетка на дверь,Старый формат,"Привезли в деревню грузовик арбузов — половину на продажу, половину в дом.
Катили по одному через открытую дверь, арбузов - сто сорок штук.
Дверь не закрывалась весь день, ещё и резали сразу — сок, корки, сладкий запах.
Через час начали влетать осы, мухи, комары, кто-то огромный с крыльями, как у птицы.
Закрыть дверь — духота, арбузы воняют. Открыть — живность лезет.
Продавец, который привез арбузы, сказал: “У нас вон давно с вайлдберриз одна штука стоит — хоть на год арбузов завози, никто не залетит.”
Заказала на вайлдберриз — теперь хоть арбуз ешь, не отмахиваясь!","Сохраняет прохладу в жару
Быстрая доставка и установка
Никакого клея
Удобна для всей семьи
Экономит электроэнергию (меньше кондиционера)",Артикулом поделилась в комментариях!,Привезли ГРУЗОВИК арбузов!
57,Екатерина,таблетки для стиральной машины,Старый формат,"Моя машинка стала портить вещи вместо того, чтобы стирать их! У ребёнка на домашней одежде — повсюду пятна от яблочного пюре. Бросаю бодик в стирку, добавляю кондиционер с ромашкой. Достаю — воняет как мокрый подвал, а пюре будто только сильнее закрепилось. Пробую ещё раз — стало еще хуже, появился какой-то налёт. Мама говорит: ""Почисть фильтр"". Муж вынимает какую-то жижу, как из фильма ужасов. Я пошла за порошком в магазин — продавщица сказала: ""Вы не поверите, но мне помогла одна находка с вайлдберриз"".","Полностью безопасны — не содержат фосфатов и вредной химии.

Удаляют запах даже после стирки детских вещей — вещи не пахнут сыростью.

Глубоко очищают барабан и трубки — устраняют плесень и налёт.

Машина работает тише — меньше вибрации и шума во время отжима.

Подходят для всех режимов стирки — не нужно подбирать температуру.",Артикулом делюсь в комментариях.,Как спастись от ЭТОГО ЗАПАХА?
58,Екатерина,таблетки для стиральной машины,Старый формат,"Цепляющая фраза:
«Постирала детские вещи — а они воняют сильнее, чем до стирки.»

Распаковка:
Я чуть не поругалась с бабушкой ,когда почувствовала запах из стиралки — думала, что она сунула вещи в стиралку после огорода.
Но запах шёл не от вещей… а из самой машинки.
Открыла люк — там, как будто кто-то умер.
Загуглила, оказывается — внутри остаются остатки порошка, грибок, накипь и бактерии.
Взяла таблетки с вайлдберриз, кинула одну прямо в барабан без белья, включила цикл.
Спустя час — пахнет, как в химчистке.
Запах ушёл, налёт пропал, стирка снова пахнет чистотой, как раньше.
А главное — это удлиняет жизнь самой стиралке.
Артикул — в комментариях.",Учтены,,Как вернуть машинке запах свежести
59,Екатерина,таблетки для стиральной машины,Старый формат,"Расскажу, как стиралка испортила мне поездку в Дубик. Перед отпуском постирала все вещи, уложила в чемодан. В поезде открываю — запах как от старого холодильника в подвале. Муж орёт: «Ты чем стирала?». Ребёнок рыдает, футболка пахнет так, будто в ней жила крыса. Пришлось всё выстирать на вокзале. После отпуска смотрю, у подруги бельё пахнет — как в рекламе рассказывают. Спросила, как так получается, а она говорит: ""Есть одна штука, без неё теперь не запускаю стирку. С вайлдберриз.""","Размягчают и убирают накипь — даже в жёсткой воде.

Продлевают срок службы машинки — меньше риска поломки.

Освежают внутренности машины — без въедливого запаха старины.

Работают даже на коротких циклах — не нужно долго гонять барабан.

Устраняют серый налёт со стекла и манжеты — выглядит как новая.",Артикулом делюсь в комментариях.,Вещи СТРАШНО ВОНЯЮТ после стирки
60,Екатерина,таблетки для стиральной машины,Старый формат,"Стирала лежанку Собаки. Открываю машинку — будто там разлилось болото. КТо не знал, болота - это гниющие диноавры. Запах — как если в сырой тряпке заернуть стухшую колбасу. Парень говорит: «Ты, может, бельё туда кладёшь грязным?» — и идёт на балкон спать, чтобы запах не чувствовать. А каким его ещё в СТИРКУ КЛАСТЬ? В чат собаководов написала — одна девушка с тремя борзыми кинула ссылку: ""Тебя спасёт эта штука с вайлдюерриз"".","Одна таблетка — и всё готово — без дозировки и возни.

Не нужно разбирать машинку и вызывать мастера — чистит в труднодоступных местах.

Подходит для всех моделей стиралок — и вертикальных, и фронтальных.

Никаких разводов и следов на одежде после стирки — барабан действительно чистый.

Нейтрализует запах сырости в ванной — не воняет из люка.",Артикулом делюсь в комментариях.,Машинка УЖАСНО ВОНЯЕТ!
61,Екатерина,таблетки для стиральной машины,Старый формат,"Хук:
«Думала, машина сломалась — а это она просто забилась от грязи и завоняла»

Распаковка:
Стиралка начала громко гудеть, дольше стирать и жутко вонять при открытии.
Я уже на сайте мастеров сидела.
Но парень сказал: «Дай попробовать не тратить 5 тысяч на вызов — давай вот эту штуку с вайлдберриз закинем.»
Одна таблетка — и она как новая.
Шум ушёл, обороты вернулись, вода теперь после цикла не мутная, а чистая.
Мастер потом всё равно пришёл — сказал, что делать больше нечего, “вы и сами починили”.
Теперь у нас профилактика раз в месяц.
Артикул — в комментариях.",Учтены,,Как вернуть машинке свежий запах
62,Екатерина,таблетки для стиральной машины,Старый формат,"Мне опять нечего ОДЕТЬ. Вещей вроде море, но ОДЕВАЕШЬ — и ощущение, что это не твоё. Не сидит, а большинство вещей вообще воняет стиральной машинкой, хотя только из стирки!

Муж сказал: “Так, может, ты просто путаешь, что из чьего шкафа?” Очень смешно. Знал бы он, почему я так беспокоюсь о том, как буду выглядеть! Хотя может, и знает - гладит мои вещи уже с подозрением.

В общем, я так переживаю, потому что приезжает его сестра - а она найдет, к чему придраться! НО в этот раз она не стала этого делать, и подсказала мне эту находку на Вайлдберриз.

[РАСПАКОВКА]
Это таблетки для очистки барабана стиральной машины. Бросаешь одну прямо внутрь — и запускаешь стирку без белья.

Вся накипь, грязь, запахи, остатки порошка — всё уходит.

После первой чистки вещи начали пахнуть свежестью, будто из нового бутика.",Учтены,Артикул забирайте в описании,Вещи воняют после стирки?
63,Екатерина,таблетки для стиральной машины,Старый формат,"Если у вас дома есть стиральная машина — вам нужны вот эти таблетки с вайлдберриз.

Это не кондиционер, не ароматизатор — это средство, которое действительно очищает саму машинку.

Я беру одну таблетку, кладу прямо в барабан, включаю обычный цикл стирки — без белья. И всё.

За один прогон уходит запах, налёт, остатки порошков, жировая плёнка — всё, что скапливается со временем и портит как машинку, так и вещи.

Особенно классно, что таблетки бесфосфатные, без жёсткой химии — безопасны для семьи и не убивают резинки и пластик.

После чистки заметно, что бельё пахнет свежее, а сама стиралка не “фонит” этой типичной затхлостью.

Пользуюсь примерно раз в месяц — и машинка реально служит дольше, и вещи не “перенимают” старые запахи.",Учтены,Артикул оставила в описании,Это НУЖНО стиральной машинке!
64,Екатерина,таблетки для стиральной машины,Старый формат,"Мне опять нечего ОДЕТЬ. А тут ещё муж достаёт: “Ты в чьей рубашке домой пришла?! Почему на тебе рубашка другого мужика?!"" Вот же нервный!
Это вообще-то теперь моя рубашка для дома! Забрала ее у коллеги, потому что вся моя одежда воняет нашей стиралкой, как и все вещи! И этот запах не получается убрать. Кстати,  еще коллега подсказал мне эту находку на Вайлдберриз, которая наконец пришла.

[РАСПАКОВКА]
Очищающие таблетки для стиральной машины. Просто кладёшь одну в барабан — и запускаешь цикл.

Внутри всё прочищается: накипь, запах, налёт — всё уходит.

Я даже не подозревала, сколько грязи копится в машинке.

Теперь вещи пахнут свежестью, никакой подозрительной “химии”.",Учтены,Артикул в описании,Машинка начала вонять!
65,Екатерина,таблетки для стиральной машины,Старый формат,"Это то, что я теперь покупаю регулярно — таблетки для очистки барабана стиральной машины с вайдберриз.

Обычная стирка со временем оставляет внутри накипь, грязь, старые порошки, жир с одежды. Всё это копится, и потом начинаются запахи и странные пятна на вещах.

Эти таблетки решают всё это сразу.

Одна штука — в барабан. Включаете обычный режим. Машинка моет себя сама.

Уже после первой чистки почувствовала разницу: бельё стало пахнуть нейтрально, без примеси “старой воды”.

Плюс — ушёл белёсый налёт с резинки, который никак не вычищался вручную.

Удобно, что не надо ничего мешать, дозировать, отмывать. Просто закинула и пошла заниматься своими делами.

Очень советую, если хотите продлить жизнь машинке и не стирать вещи в грязной воде",Учтены,Артикулом делюсь в описании,Лучшая находка для стиральной машинки!
66,Екатерина,таблетки для стиральной машины,Старый формат,"Мне опять нечего ОДЕТЬ. Опять стирал муж - всё воняет, всё с налётом... Раньше я просто ругалась, но недавно спросила, почему мои вещи так пахнут - оказзалось, дело даже не в муже. У нас просто страшно воняет стиральная машинка! Извиняться я, конечно, не стала, но решила подумать, как решить проблему.

У моей подруги прекрасная память на запахи. Обнюхали несколько прохожих, выбрали понравившийся запах, и она подсказала мне находку на Вайлдберриз с таким же ароматом. Делюсь ей и с вами!

[РАСПАКОВКА]
Таблетки для чистки стиральной машины. Работают глубоко: убирают всю накипь, старые остатки порошков и неприятные запахи.

Просто кладёшь — и запускаешь холостую стирку.

После первой таблетки одежда начала пахнуть именно так, как должна.

Никаких чужих нот. Только мой аромат и мои правила.",Учтены,Артикулом делюсь в описании,Почему мне нечего ОДЕТЬ
67,Екатерина,таблетки для стиральной машины,Старый формат,"Если вы хотите, чтобы ваша стиральная машина работала долго и хорошо — просто начните регулярно использовать вот такие таблетки.

Это очищающие капсулы для барабана, которые убирают всё лишнее внутри: накипь, остатки порошка, жир, затхлый запах.

Я лично пробовала много средств, но эти — самые удобные.

Кладёте одну в пустой барабан, включаете обычный цикл стирки — и всё. Барабан очищается сам, без щёток и лишней возни.

После этого и машинка работает тише, и бельё получается чище, без неприятного запаха, особенно при низких температурах.

Формула безопасная, без агрессивной химии, так что резинки и пластиковые детали не портятся.

Один раз в месяц — и всё, техника служит как новая.",Учтены,Артикул забирайте в описании,Почему стиралки ЛОМАЮТСЯ
68,Екатерина,таблетки для стиральной машины,Старый формат,"Когда последний раз вы открывали стиральную машину и чуть не упали в обморок от запаха? Я тоже не могла решить эту проблему. Иногда машинка даже ела один из носков, а иногда выдавала носок с дыркой после стирки. Пообщалась с знакомым инженером - оказалось, все из-за ржавчины, которая скапливается между барабаном и дверцей. Она грызет носки и отправляет их прямиком в слив. Но также он подсказал находку на вайлдбериз, которая давно в ходу у всех в их инженерной тусовке.","Устраняет запах, Без хлора, 99% бактерий и грибков убивает, Можно использовать с септиком, Гипоаллергенный",Артикул забирайте в описании,Машинка ПРОДЫРЯВИЛА НОСОК!
69,Екатерина,таблетки для стиральной машины,Старый формат,"Стирала кофту как обычно, достала - а на ней пятна! Представьте: я стираю любимую белую рубашку, а она выходит грязнее, чем была! Муж уже начал подозревать, что я делаю что-то не так, а дело было в стиральной машине. Посоветовалась с подругой, она подсказала мне эту находку на вайлдбериз, и теперь все вещи белее снега, а муж меньше ворчит! Заказала сразу же, и не пожалела!","Устраняет запах, Без фосфатов, Устраняет накипь, Гипоаллергенный, Можно использовать с септиком",Артикулом делюсь в описании,Появилось ПЯТНО после СТИРКИ!
70,Екатерина,таблетки для стиральной машины,Старый формат,"Вы бы поверили, что в вашей машине живёт настоящий «зверь»? А он там есть, и это — плесень! Когда я впервые почистила стиралку этими таблетками, то чуть не упала в обморок от запаха. Оказалось, там столько плесени и ржавчины! А муж только посмеялся и сказал: «Вот видишь, надо было раньше заботиться о машинке». Так я и начала этот «ритуал» очищения, который теперь не пропускаю. История с этими таблетками — как борьба с невидимым врагом в моём доме.","99% бактерий и грибков убивает, Без хлора, Продлевает срок службы техники, Устраняет запах, Гипоаллергенный",Артикул в описании,Кто ЖИВЁТ в вашей СТИРАЛКЕ?
71,Полина,таблетки для стиральной машины,Старый формат,"После выходных осталась гора белья — футболки, тряпки, фартуки, всё в кетчупе, дыме и соке.
Закинула в машинку, постирала — достаю, а запах будто это мокрая тряпка.
Прополоскала — стало вонять ещё хуже. Как будто вонючая каша.
Открыла дверцу — там туман, как будто на БОЛОТЕ! Лоток с плесенью, барабан в слизи.
Попыталась промыть уксусом — стало вонять уксусом и копчёной курицей одновременно.
Уже думала менять машинку, но на запах курице прибежал кот и посоветовал мне вот такую находку свайлдберриз.","Устраняет запах, Без фосфатов, Устраняет накипь, Гипоаллергенный, Можно использовать с септиком",Артикулом делюсь в описании,Испортила машинку шашлыками! Мою уксусом...
72,Полина,таблетки для стиральной машины,Старый формат," У мужа появилась сыпь. И угадаете, почему?
Думала, он просто переел сладкого. Или аллергия на кота. А потом поняла — сыпь совпадает со сменой постельного.

Выкинула порошок. Поменяла кондиционер. Стало хуже. Тогда я в панике полезла разбирать стиралку. Вынула оттуда чёрное, вонючее, липкое нечто. Я не могу это забыть.

Плакала. Звонила врачу. Он сказал: “Вы стираете в чём-то, что давно пора лечить, а не использовать”. И прислал мне артикул средства с вайлдберриз","Можно использовать с септиком, Без фосфатов, Устраняет запах, Без хлора, 99% бактерий и грибков убивает",Артикул оставила в комментариях!,От ЭТОГО тоже бывает сыпь!
73,Полина,таблетки для стиральной машины,Старый формат,"На вид машинка чистая. А  воняет, как общественный туалет! 
Была на йоге. Девочка рядом сказала: “У тебя от формы пахнет… ну, как у нас в спортзале внизу”. Мне хотелось провалиться.
Я думала, это я. Душ, парфюм, дезик — всё пробовала. Ноль. Пока однажды не засунула нос внутрь барабана. И всё поняла.
Наш старый пес начинал выть, когда я запускала стирку — я думала, это совпадение. Нет. Он чуял, что машинка буквально гниёт изнутри.
Тогда друг мужа (работает на химзаводе) прислал линк на проверенное средство с WB. Говорит, у них им чистят даже лабораторные автоклавы.
Заказала.!","Устраняет запах, Без фосфатов, Устраняет накипь, Гипоаллергенный, Можно использовать с септиком",Артикулом делюсь в комментариях!,"Машинка чистая, но воняет!"
74,Полина,таблетки для стиральной машины,Старый формат,"Когда я увидела, как стиралка начинает ржаветь изнутри, у меня началась паника! Как раз заходила сестра и рассказала, как она тоже собиралась выкинуть машинку, но та не пролезла в окно, и она решила попробовать спасти её с помощью своей находки на вайлдбериз. Решила рискнуть и… результат превзошёл ожидания! Муж, конечно, не верил, но теперь сам просит заказать ещё.","Без фосфатов, Устраняет накипь, Продлевает срок службы техники, 99% бактерий и грибков убивает, Без хлора", Артикул в описании!,Машинка ржавеет изнутри! Что делать?
75,Полина,таблетки для стиральной машины,Старый формат,"Кажется, я знаю, почему моя стиралка стала издавать странные звуки — вы не поверите! Когда машина начала громко шуметь, я была в панике, думая о ремонте. Но однажды раздался звонок в дверь, и за ней я обнаружила мужчину с загадочной улыбкой. Оказалось, он курьер вайлдберис. Не секрет, что они слушают все, о чем мы говорим рядом с телефонами, и поэтому принесли мне попробовать эту находку, которая спасла мою стиральную машину.","Гипоаллергенный, Можно использовать с септиком, Устраняет запах, Без хлора, Продлевает срок службы техники",Артикул оставила в комментариях!,"Знали, что Wildberries подслушивает вас?"
76,Полина,таблетки для стиральной машины,Старый формат,"Ваши носки выглядят грязными даже после стирки? Пора менять подход! Я тоже не могла решить эту проблему. Иногда машинка даже ела один из носков, а иногда выдавала носок с дыркой после стирки. Пообщалась с знакомым инженером - оказалось, все из-за ржавчины, которая скапливается между барабаном и дверцей. Она грызет носки и отправляет их прямиком в слив. Но также он подсказал находку на вайлдбериз, которая давно в ходу у всех в их инженерной тусовке.","99% бактерий и грибков убивает, Устраняет накипь, Без фосфатов, Устраняет запах, Без хлора",Артикулом делюсь в комментариях!,Машинка портит носки при стирке!
77,Полина,таблетки для стиральной машины,Старый формат,"У меня мусорное ведро стоит рядом со стиралкой. Ядумала, оно воняет - и мыла его, и ставила на балкон. А оказалось, это от машинки несёт! Тогда я начала искать средство, которое уберет запах.  Долго ничего не могла найти, но встретила бывшую одноклассницу, от которой всегда неприятно пахло в школе, и многие дети ее дразнили. Я спросила ее, почему она больше не воняет, и она посоветовала мне эту находку на вайлдбериз. Результат был впечатляющий.","Устраняет накипь, Гипоаллергенный, Без фосфатов, Без хлора, Можно использовать с септиком", Артикул в описании!,От одноклассницы перестало вонять!
78,Полина,таблетки для стиральной машины,Старый формат,"Если у вас есть стиральная машина - вы в опасности! Стиральная машина — это грязный рассадник бактерий. Я даже читала исследования - кто-то взял штаммы из стиралки, и обнаружил сразу 31 неизвестный вирус! Моя история подтверждает это. Начала вытаскивать мусор из стиральной машинки и не могла поверить, сколько мусора внутри! Муж даже сказал, что теперь он боится стирать свои спортивные вещи, но это я раньше боялась, что они испортят машинку! Отправила его стирать их на реку, и там русалка рассказала ему, как держит машинку в чистоте. Вернулся чистый и с этой находкой на вайлдбериз","Устраняет запах, Без хлора, Устраняет накипь, Продлевает срок службы техники, 99% бактерий и грибков убивает",Артикул оставила в комментариях!,Мужу пришлось стирать на реке
79,Полина,таблетки для стиральной машины,Старый формат,"Вы когда-нибудь задумывались, что стиральная машина может влиять на ваше здоровье? Меня это насторожило, когда у меня началась аллергия. Чесалось буквально все, особенно после сна на свежей постели. Оказалось, дело в аллергии - попробовала средство для чистки машинки. которое вызвало такую реакцию. Но врач подсказал мне находку на вайлдбериз, которой сам пользуется, чтобы сохранять машинку в чистоте и не вызвать аллергию. Сразу же заказала, и не пожалела!","Без фосфатов, Устраняет запах, Гипоаллергенный, Можно использовать с септиком, Продлевает срок службы техники",Артикулом делюсь в комментариях!,Аллергия на стиральную машинку - что делать?
80,Полина,таблетки для стиральной машины,Старый формат,"Машинка стала рвать носки и проглатывать их! Я была в шоке. Закидываю пару - выдает или один с дыркой, или вовсе один из двух куда-то девается! Села читать форумы. Оказалось, грязь накапливается между резинкой и барабаном — и при каждой стирке она возвращается обратно. Оказывается, если не чистить стиральную машинку, то мы не стираем вещи — мы их маринуем.
Всё решила подруга-сантехник. Сказала: у них в бригаде каждый раз использовали одно и то же средство с WB, чтобы не бегать по клиентам с жалобами на «вонючую стирку».
Подруге я доверяю, поэтому заказала!","Без хлора, 99% бактерий и грибков убивает, Гипоаллергенный, Устраняет накипь, Устраняет запах", Артикул в описании!,Машинка крадёт носки и оставляет в них дырки!